--
-- PostgreSQL database dump
--

-- Dumped from database version 14.6 (Homebrew)
-- Dumped by pg_dump version 14.6 (Homebrew)

SET statement_timeout = 0;
SET lock_timeout = 0;
SET idle_in_transaction_session_timeout = 0;
SET client_encoding = 'UTF8';
SET standard_conforming_strings = on;
SELECT pg_catalog.set_config('search_path', '', false);
SET check_function_bodies = false;
SET xmloption = content;
SET client_min_messages = warning;
SET row_security = off;

SET default_tablespace = '';

SET default_table_access_method = heap;

--
-- Name: accounts_customuser; Type: TABLE; Schema: public; Owner: natalieperez
--

CREATE TABLE public.accounts_customuser (
    id bigint NOT NULL,
    password character varying(128) NOT NULL,
    last_login timestamp with time zone,
    is_superuser boolean NOT NULL,
    email character varying(254) NOT NULL,
    username character varying(30) NOT NULL,
    is_active boolean NOT NULL,
    is_staff boolean NOT NULL
);


ALTER TABLE public.accounts_customuser OWNER TO natalieperez;

--
-- Name: accounts_customuser_groups; Type: TABLE; Schema: public; Owner: natalieperez
--

CREATE TABLE public.accounts_customuser_groups (
    id bigint NOT NULL,
    customuser_id bigint NOT NULL,
    group_id integer NOT NULL
);


ALTER TABLE public.accounts_customuser_groups OWNER TO natalieperez;

--
-- Name: accounts_customuser_groups_id_seq; Type: SEQUENCE; Schema: public; Owner: natalieperez
--

ALTER TABLE public.accounts_customuser_groups ALTER COLUMN id ADD GENERATED BY DEFAULT AS IDENTITY (
    SEQUENCE NAME public.accounts_customuser_groups_id_seq
    START WITH 1
    INCREMENT BY 1
    NO MINVALUE
    NO MAXVALUE
    CACHE 1
);


--
-- Name: accounts_customuser_id_seq; Type: SEQUENCE; Schema: public; Owner: natalieperez
--

ALTER TABLE public.accounts_customuser ALTER COLUMN id ADD GENERATED BY DEFAULT AS IDENTITY (
    SEQUENCE NAME public.accounts_customuser_id_seq
    START WITH 1
    INCREMENT BY 1
    NO MINVALUE
    NO MAXVALUE
    CACHE 1
);


--
-- Name: accounts_customuser_user_permissions; Type: TABLE; Schema: public; Owner: natalieperez
--

CREATE TABLE public.accounts_customuser_user_permissions (
    id bigint NOT NULL,
    customuser_id bigint NOT NULL,
    permission_id integer NOT NULL
);


ALTER TABLE public.accounts_customuser_user_permissions OWNER TO natalieperez;

--
-- Name: accounts_customuser_user_permissions_id_seq; Type: SEQUENCE; Schema: public; Owner: natalieperez
--

ALTER TABLE public.accounts_customuser_user_permissions ALTER COLUMN id ADD GENERATED BY DEFAULT AS IDENTITY (
    SEQUENCE NAME public.accounts_customuser_user_permissions_id_seq
    START WITH 1
    INCREMENT BY 1
    NO MINVALUE
    NO MAXVALUE
    CACHE 1
);


--
-- Name: auth_group; Type: TABLE; Schema: public; Owner: natalieperez
--

CREATE TABLE public.auth_group (
    id integer NOT NULL,
    name character varying(150) NOT NULL
);


ALTER TABLE public.auth_group OWNER TO natalieperez;

--
-- Name: auth_group_id_seq; Type: SEQUENCE; Schema: public; Owner: natalieperez
--

ALTER TABLE public.auth_group ALTER COLUMN id ADD GENERATED BY DEFAULT AS IDENTITY (
    SEQUENCE NAME public.auth_group_id_seq
    START WITH 1
    INCREMENT BY 1
    NO MINVALUE
    NO MAXVALUE
    CACHE 1
);


--
-- Name: auth_group_permissions; Type: TABLE; Schema: public; Owner: natalieperez
--

CREATE TABLE public.auth_group_permissions (
    id bigint NOT NULL,
    group_id integer NOT NULL,
    permission_id integer NOT NULL
);


ALTER TABLE public.auth_group_permissions OWNER TO natalieperez;

--
-- Name: auth_group_permissions_id_seq; Type: SEQUENCE; Schema: public; Owner: natalieperez
--

ALTER TABLE public.auth_group_permissions ALTER COLUMN id ADD GENERATED BY DEFAULT AS IDENTITY (
    SEQUENCE NAME public.auth_group_permissions_id_seq
    START WITH 1
    INCREMENT BY 1
    NO MINVALUE
    NO MAXVALUE
    CACHE 1
);


--
-- Name: auth_permission; Type: TABLE; Schema: public; Owner: natalieperez
--

CREATE TABLE public.auth_permission (
    id integer NOT NULL,
    name character varying(255) NOT NULL,
    content_type_id integer NOT NULL,
    codename character varying(100) NOT NULL
);


ALTER TABLE public.auth_permission OWNER TO natalieperez;

--
-- Name: auth_permission_id_seq; Type: SEQUENCE; Schema: public; Owner: natalieperez
--

ALTER TABLE public.auth_permission ALTER COLUMN id ADD GENERATED BY DEFAULT AS IDENTITY (
    SEQUENCE NAME public.auth_permission_id_seq
    START WITH 1
    INCREMENT BY 1
    NO MINVALUE
    NO MAXVALUE
    CACHE 1
);


--
-- Name: django_admin_log; Type: TABLE; Schema: public; Owner: natalieperez
--

CREATE TABLE public.django_admin_log (
    id integer NOT NULL,
    action_time timestamp with time zone NOT NULL,
    object_id text,
    object_repr character varying(200) NOT NULL,
    action_flag smallint NOT NULL,
    change_message text NOT NULL,
    content_type_id integer,
    user_id bigint NOT NULL,
    CONSTRAINT django_admin_log_action_flag_check CHECK ((action_flag >= 0))
);


ALTER TABLE public.django_admin_log OWNER TO natalieperez;

--
-- Name: django_admin_log_id_seq; Type: SEQUENCE; Schema: public; Owner: natalieperez
--

ALTER TABLE public.django_admin_log ALTER COLUMN id ADD GENERATED BY DEFAULT AS IDENTITY (
    SEQUENCE NAME public.django_admin_log_id_seq
    START WITH 1
    INCREMENT BY 1
    NO MINVALUE
    NO MAXVALUE
    CACHE 1
);


--
-- Name: django_content_type; Type: TABLE; Schema: public; Owner: natalieperez
--

CREATE TABLE public.django_content_type (
    id integer NOT NULL,
    app_label character varying(100) NOT NULL,
    model character varying(100) NOT NULL
);


ALTER TABLE public.django_content_type OWNER TO natalieperez;

--
-- Name: django_content_type_id_seq; Type: SEQUENCE; Schema: public; Owner: natalieperez
--

ALTER TABLE public.django_content_type ALTER COLUMN id ADD GENERATED BY DEFAULT AS IDENTITY (
    SEQUENCE NAME public.django_content_type_id_seq
    START WITH 1
    INCREMENT BY 1
    NO MINVALUE
    NO MAXVALUE
    CACHE 1
);


--
-- Name: django_migrations; Type: TABLE; Schema: public; Owner: natalieperez
--

CREATE TABLE public.django_migrations (
    id bigint NOT NULL,
    app character varying(255) NOT NULL,
    name character varying(255) NOT NULL,
    applied timestamp with time zone NOT NULL
);


ALTER TABLE public.django_migrations OWNER TO natalieperez;

--
-- Name: django_migrations_id_seq; Type: SEQUENCE; Schema: public; Owner: natalieperez
--

ALTER TABLE public.django_migrations ALTER COLUMN id ADD GENERATED BY DEFAULT AS IDENTITY (
    SEQUENCE NAME public.django_migrations_id_seq
    START WITH 1
    INCREMENT BY 1
    NO MINVALUE
    NO MAXVALUE
    CACHE 1
);


--
-- Name: django_session; Type: TABLE; Schema: public; Owner: natalieperez
--

CREATE TABLE public.django_session (
    session_key character varying(40) NOT NULL,
    session_data text NOT NULL,
    expire_date timestamp with time zone NOT NULL
);


ALTER TABLE public.django_session OWNER TO natalieperez;

--
-- Name: main_app_brand; Type: TABLE; Schema: public; Owner: natalieperez
--

CREATE TABLE public.main_app_brand (
    id bigint NOT NULL,
    name character varying(100) NOT NULL
);


ALTER TABLE public.main_app_brand OWNER TO natalieperez;

--
-- Name: main_app_brand_id_seq; Type: SEQUENCE; Schema: public; Owner: natalieperez
--

ALTER TABLE public.main_app_brand ALTER COLUMN id ADD GENERATED BY DEFAULT AS IDENTITY (
    SEQUENCE NAME public.main_app_brand_id_seq
    START WITH 1
    INCREMENT BY 1
    NO MINVALUE
    NO MAXVALUE
    CACHE 1
);


--
-- Name: main_app_photo; Type: TABLE; Schema: public; Owner: natalieperez
--

CREATE TABLE public.main_app_photo (
    id bigint NOT NULL,
    url character varying(200) NOT NULL,
    review_id bigint NOT NULL
);


ALTER TABLE public.main_app_photo OWNER TO natalieperez;

--
-- Name: main_app_photo_id_seq; Type: SEQUENCE; Schema: public; Owner: natalieperez
--

ALTER TABLE public.main_app_photo ALTER COLUMN id ADD GENERATED BY DEFAULT AS IDENTITY (
    SEQUENCE NAME public.main_app_photo_id_seq
    START WITH 1
    INCREMENT BY 1
    NO MINVALUE
    NO MAXVALUE
    CACHE 1
);


--
-- Name: main_app_polish; Type: TABLE; Schema: public; Owner: natalieperez
--

CREATE TABLE public.main_app_polish (
    id bigint NOT NULL,
    name character varying(100) NOT NULL,
    image character varying(400) NOT NULL,
    brand_id bigint NOT NULL
);


ALTER TABLE public.main_app_polish OWNER TO natalieperez;

--
-- Name: main_app_polish_favorites; Type: TABLE; Schema: public; Owner: natalieperez
--

CREATE TABLE public.main_app_polish_favorites (
    id bigint NOT NULL,
    polish_id bigint NOT NULL,
    customuser_id bigint NOT NULL
);


ALTER TABLE public.main_app_polish_favorites OWNER TO natalieperez;

--
-- Name: main_app_polish_favorites_id_seq; Type: SEQUENCE; Schema: public; Owner: natalieperez
--

ALTER TABLE public.main_app_polish_favorites ALTER COLUMN id ADD GENERATED BY DEFAULT AS IDENTITY (
    SEQUENCE NAME public.main_app_polish_favorites_id_seq
    START WITH 1
    INCREMENT BY 1
    NO MINVALUE
    NO MAXVALUE
    CACHE 1
);


--
-- Name: main_app_polish_id_seq; Type: SEQUENCE; Schema: public; Owner: natalieperez
--

ALTER TABLE public.main_app_polish ALTER COLUMN id ADD GENERATED BY DEFAULT AS IDENTITY (
    SEQUENCE NAME public.main_app_polish_id_seq
    START WITH 1
    INCREMENT BY 1
    NO MINVALUE
    NO MAXVALUE
    CACHE 1
);


--
-- Name: main_app_review; Type: TABLE; Schema: public; Owner: natalieperez
--

CREATE TABLE public.main_app_review (
    id bigint NOT NULL,
    review text NOT NULL,
    created_at timestamp with time zone NOT NULL,
    brand_id bigint NOT NULL,
    polish_id bigint NOT NULL,
    user_id bigint NOT NULL
);


ALTER TABLE public.main_app_review OWNER TO natalieperez;

--
-- Name: main_app_review_id_seq; Type: SEQUENCE; Schema: public; Owner: natalieperez
--

ALTER TABLE public.main_app_review ALTER COLUMN id ADD GENERATED BY DEFAULT AS IDENTITY (
    SEQUENCE NAME public.main_app_review_id_seq
    START WITH 1
    INCREMENT BY 1
    NO MINVALUE
    NO MAXVALUE
    CACHE 1
);


--
-- Data for Name: accounts_customuser; Type: TABLE DATA; Schema: public; Owner: natalieperez
--

COPY public.accounts_customuser (id, password, last_login, is_superuser, email, username, is_active, is_staff) FROM stdin;
1	pbkdf2_sha256$390000$fFKk2xd4FjlMSJwfjPZsFI$QUAj4tLVE6fu3yeaJ5oiZd4lZKxUwldCoAX3JnTFV8w=	2023-04-27 15:26:14.969184-04	t	natalieperez84@gmail.com	natalieperez	t	t
2	pbkdf2_sha256$390000$SVLNLn8PwKS3AI3VR4fZdw$2SWwSsjoBAdqIGSFXAKRyj+qwVDUqcXRn5TKpAG6Pho=	2023-04-27 15:27:25.602692-04	f	natalie@roamingyogi.co	yoginails	t	f
\.


--
-- Data for Name: accounts_customuser_groups; Type: TABLE DATA; Schema: public; Owner: natalieperez
--

COPY public.accounts_customuser_groups (id, customuser_id, group_id) FROM stdin;
\.


--
-- Data for Name: accounts_customuser_user_permissions; Type: TABLE DATA; Schema: public; Owner: natalieperez
--

COPY public.accounts_customuser_user_permissions (id, customuser_id, permission_id) FROM stdin;
\.


--
-- Data for Name: auth_group; Type: TABLE DATA; Schema: public; Owner: natalieperez
--

COPY public.auth_group (id, name) FROM stdin;
\.


--
-- Data for Name: auth_group_permissions; Type: TABLE DATA; Schema: public; Owner: natalieperez
--

COPY public.auth_group_permissions (id, group_id, permission_id) FROM stdin;
\.


--
-- Data for Name: auth_permission; Type: TABLE DATA; Schema: public; Owner: natalieperez
--

COPY public.auth_permission (id, name, content_type_id, codename) FROM stdin;
1	Can add log entry	1	add_logentry
2	Can change log entry	1	change_logentry
3	Can delete log entry	1	delete_logentry
4	Can view log entry	1	view_logentry
5	Can add permission	2	add_permission
6	Can change permission	2	change_permission
7	Can delete permission	2	delete_permission
8	Can view permission	2	view_permission
9	Can add group	3	add_group
10	Can change group	3	change_group
11	Can delete group	3	delete_group
12	Can view group	3	view_group
13	Can add content type	4	add_contenttype
14	Can change content type	4	change_contenttype
15	Can delete content type	4	delete_contenttype
16	Can view content type	4	view_contenttype
17	Can add session	5	add_session
18	Can change session	5	change_session
19	Can delete session	5	delete_session
20	Can view session	5	view_session
21	Can add brand	6	add_brand
22	Can change brand	6	change_brand
23	Can delete brand	6	delete_brand
24	Can view brand	6	view_brand
25	Can add polish	7	add_polish
26	Can change polish	7	change_polish
27	Can delete polish	7	delete_polish
28	Can view polish	7	view_polish
29	Can add review	8	add_review
30	Can change review	8	change_review
31	Can delete review	8	delete_review
32	Can view review	8	view_review
33	Can add photo	9	add_photo
34	Can change photo	9	change_photo
35	Can delete photo	9	delete_photo
36	Can view photo	9	view_photo
37	Can add custom user	10	add_customuser
38	Can change custom user	10	change_customuser
39	Can delete custom user	10	delete_customuser
40	Can view custom user	10	view_customuser
\.


--
-- Data for Name: django_admin_log; Type: TABLE DATA; Schema: public; Owner: natalieperez
--

COPY public.django_admin_log (id, action_time, object_id, object_repr, action_flag, change_message, content_type_id, user_id) FROM stdin;
1	2023-03-28 17:02:53.134484-04	1	OPI	1	[{"added": {}}]	6	1
2	2023-03-28 17:02:56.730651-04	2	Essie	1	[{"added": {}}]	6	1
3	2023-03-28 17:02:59.457905-04	3	China Glaze	1	[{"added": {}}]	6	1
4	2023-03-28 17:05:26.245541-04	1	Ballet Slippers	1	[{"added": {}}]	7	1
5	2023-03-28 17:14:19.309118-04	4	Zoya	1	[{"added": {}}]	6	1
6	2023-03-28 17:14:27.789068-04	5	Ella + Mila	1	[{"added": {}}]	6	1
7	2023-03-28 17:14:34.804453-04	6	Butter London	1	[{"added": {}}]	6	1
8	2023-03-28 17:14:37.863029-04	7	Color Club	1	[{"added": {}}]	6	1
9	2023-03-28 17:14:43.938211-04	8	Deborah Lippmann	1	[{"added": {}}]	6	1
10	2023-03-28 17:15:04.831098-04	9	Mooncat	1	[{"added": {}}]	6	1
11	2023-03-28 17:15:14.224486-04	10	Sally Hansen	1	[{"added": {}}]	6	1
\.


--
-- Data for Name: django_content_type; Type: TABLE DATA; Schema: public; Owner: natalieperez
--

COPY public.django_content_type (id, app_label, model) FROM stdin;
1	admin	logentry
2	auth	permission
3	auth	group
4	contenttypes	contenttype
5	sessions	session
6	main_app	brand
7	main_app	polish
8	main_app	review
9	main_app	photo
10	accounts	customuser
\.


--
-- Data for Name: django_migrations; Type: TABLE DATA; Schema: public; Owner: natalieperez
--

COPY public.django_migrations (id, app, name, applied) FROM stdin;
1	contenttypes	0001_initial	2023-03-28 16:21:48.237729-04
2	contenttypes	0002_remove_content_type_name	2023-03-28 16:21:48.251926-04
3	auth	0001_initial	2023-03-28 16:21:48.300596-04
4	auth	0002_alter_permission_name_max_length	2023-03-28 16:21:48.306904-04
5	auth	0003_alter_user_email_max_length	2023-03-28 16:21:48.312588-04
6	auth	0004_alter_user_username_opts	2023-03-28 16:21:48.319105-04
7	auth	0005_alter_user_last_login_null	2023-03-28 16:21:48.325944-04
8	auth	0006_require_contenttypes_0002	2023-03-28 16:21:48.327764-04
9	auth	0007_alter_validators_add_error_messages	2023-03-28 16:21:48.333419-04
10	auth	0008_alter_user_username_max_length	2023-03-28 16:21:48.33923-04
11	auth	0009_alter_user_last_name_max_length	2023-03-28 16:21:48.344913-04
12	auth	0010_alter_group_name_max_length	2023-03-28 16:21:48.352082-04
13	auth	0011_update_proxy_permissions	2023-03-28 16:21:48.35814-04
14	auth	0012_alter_user_first_name_max_length	2023-03-28 16:21:48.364014-04
15	accounts	0001_initial	2023-03-28 16:21:48.395509-04
16	admin	0001_initial	2023-03-28 16:21:48.412961-04
17	admin	0002_logentry_remove_auto_add	2023-03-28 16:21:48.422568-04
18	admin	0003_logentry_add_action_flag_choices	2023-03-28 16:21:48.433271-04
19	main_app	0001_initial	2023-03-28 16:21:48.50208-04
20	sessions	0001_initial	2023-03-28 16:21:48.510498-04
\.


--
-- Data for Name: django_session; Type: TABLE DATA; Schema: public; Owner: natalieperez
--

COPY public.django_session (session_key, session_data, expire_date) FROM stdin;
3xa4jzbtv9ra52ychjci5mtwegzollzq	.eJxVi80OwiAMgN-Fs1nqoAU8mvgcpJQaFnUmMk7Gd3dLdtDr9_M2iftSU2_6SlMxJzOawy_LLDedN8Eizz4vbdhRGy4Pnu7nPfi7Kre6LigsWQLqFSBqjt4ClTGiBHYMkJ0jVzyS9YQhEHrMVgXUKipHdzSfL0ZJM2M:1ps7H3:03tuvAOhs1si6n_nDEv0-7J7cNmPIKLbigJMWWk9pOM	2023-05-11 15:27:25.60818-04
\.


--
-- Data for Name: main_app_brand; Type: TABLE DATA; Schema: public; Owner: natalieperez
--

COPY public.main_app_brand (id, name) FROM stdin;
1	OPI
2	Essie
3	China Glaze
4	Zoya
5	Ella + Mila
6	Butter London
7	Color Club
8	Deborah Lippmann
9	Mooncat
10	Sally Hansen
\.


--
-- Data for Name: main_app_photo; Type: TABLE DATA; Schema: public; Owner: natalieperez
--

COPY public.main_app_photo (id, url, review_id) FROM stdin;
1	https://polishedapp.s3.amazonaws.com/794568.jpg	1
\.


--
-- Data for Name: main_app_polish; Type: TABLE DATA; Schema: public; Owner: natalieperez
--

COPY public.main_app_polish (id, name, image, brand_id) FROM stdin;
1	Ballet Slippers	http://cdn.shopify.com/s/files/1/2553/3966/products/essie-nail-lacquer-ballet-slippers-162-essie.png?v=1613408287	2
\.


--
-- Data for Name: main_app_polish_favorites; Type: TABLE DATA; Schema: public; Owner: natalieperez
--

COPY public.main_app_polish_favorites (id, polish_id, customuser_id) FROM stdin;
2	1	2
\.


--
-- Data for Name: main_app_review; Type: TABLE DATA; Schema: public; Owner: natalieperez
--

COPY public.main_app_review (id, review, created_at, brand_id, polish_id, user_id) FROM stdin;
1	Pretty light pink.	2023-03-28 17:05:42.501765-04	2	1	1
\.


--
-- Name: accounts_customuser_groups_id_seq; Type: SEQUENCE SET; Schema: public; Owner: natalieperez
--

SELECT pg_catalog.setval('public.accounts_customuser_groups_id_seq', 1, false);


--
-- Name: accounts_customuser_id_seq; Type: SEQUENCE SET; Schema: public; Owner: natalieperez
--

SELECT pg_catalog.setval('public.accounts_customuser_id_seq', 2, true);


--
-- Name: accounts_customuser_user_permissions_id_seq; Type: SEQUENCE SET; Schema: public; Owner: natalieperez
--

SELECT pg_catalog.setval('public.accounts_customuser_user_permissions_id_seq', 1, false);


--
-- Name: auth_group_id_seq; Type: SEQUENCE SET; Schema: public; Owner: natalieperez
--

SELECT pg_catalog.setval('public.auth_group_id_seq', 1, false);


--
-- Name: auth_group_permissions_id_seq; Type: SEQUENCE SET; Schema: public; Owner: natalieperez
--

SELECT pg_catalog.setval('public.auth_group_permissions_id_seq', 1, false);


--
-- Name: auth_permission_id_seq; Type: SEQUENCE SET; Schema: public; Owner: natalieperez
--

SELECT pg_catalog.setval('public.auth_permission_id_seq', 40, true);


--
-- Name: django_admin_log_id_seq; Type: SEQUENCE SET; Schema: public; Owner: natalieperez
--

SELECT pg_catalog.setval('public.django_admin_log_id_seq', 11, true);


--
-- Name: django_content_type_id_seq; Type: SEQUENCE SET; Schema: public; Owner: natalieperez
--

SELECT pg_catalog.setval('public.django_content_type_id_seq', 10, true);


--
-- Name: django_migrations_id_seq; Type: SEQUENCE SET; Schema: public; Owner: natalieperez
--

SELECT pg_catalog.setval('public.django_migrations_id_seq', 20, true);


--
-- Name: main_app_brand_id_seq; Type: SEQUENCE SET; Schema: public; Owner: natalieperez
--

SELECT pg_catalog.setval('public.main_app_brand_id_seq', 10, true);


--
-- Name: main_app_photo_id_seq; Type: SEQUENCE SET; Schema: public; Owner: natalieperez
--

SELECT pg_catalog.setval('public.main_app_photo_id_seq', 1, true);


--
-- Name: main_app_polish_favorites_id_seq; Type: SEQUENCE SET; Schema: public; Owner: natalieperez
--

SELECT pg_catalog.setval('public.main_app_polish_favorites_id_seq', 2, true);


--
-- Name: main_app_polish_id_seq; Type: SEQUENCE SET; Schema: public; Owner: natalieperez
--

SELECT pg_catalog.setval('public.main_app_polish_id_seq', 1, true);


--
-- Name: main_app_review_id_seq; Type: SEQUENCE SET; Schema: public; Owner: natalieperez
--

SELECT pg_catalog.setval('public.main_app_review_id_seq', 1, true);


--
-- Name: accounts_customuser accounts_customuser_email_key; Type: CONSTRAINT; Schema: public; Owner: natalieperez
--

ALTER TABLE ONLY public.accounts_customuser
    ADD CONSTRAINT accounts_customuser_email_key UNIQUE (email);


--
-- Name: accounts_customuser_groups accounts_customuser_groups_customuser_id_group_id_c074bdcb_uniq; Type: CONSTRAINT; Schema: public; Owner: natalieperez
--

ALTER TABLE ONLY public.accounts_customuser_groups
    ADD CONSTRAINT accounts_customuser_groups_customuser_id_group_id_c074bdcb_uniq UNIQUE (customuser_id, group_id);


--
-- Name: accounts_customuser_groups accounts_customuser_groups_pkey; Type: CONSTRAINT; Schema: public; Owner: natalieperez
--

ALTER TABLE ONLY public.accounts_customuser_groups
    ADD CONSTRAINT accounts_customuser_groups_pkey PRIMARY KEY (id);


--
-- Name: accounts_customuser accounts_customuser_pkey; Type: CONSTRAINT; Schema: public; Owner: natalieperez
--

ALTER TABLE ONLY public.accounts_customuser
    ADD CONSTRAINT accounts_customuser_pkey PRIMARY KEY (id);


--
-- Name: accounts_customuser_user_permissions accounts_customuser_user_customuser_id_permission_9632a709_uniq; Type: CONSTRAINT; Schema: public; Owner: natalieperez
--

ALTER TABLE ONLY public.accounts_customuser_user_permissions
    ADD CONSTRAINT accounts_customuser_user_customuser_id_permission_9632a709_uniq UNIQUE (customuser_id, permission_id);


--
-- Name: accounts_customuser_user_permissions accounts_customuser_user_permissions_pkey; Type: CONSTRAINT; Schema: public; Owner: natalieperez
--

ALTER TABLE ONLY public.accounts_customuser_user_permissions
    ADD CONSTRAINT accounts_customuser_user_permissions_pkey PRIMARY KEY (id);


--
-- Name: accounts_customuser accounts_customuser_username_key; Type: CONSTRAINT; Schema: public; Owner: natalieperez
--

ALTER TABLE ONLY public.accounts_customuser
    ADD CONSTRAINT accounts_customuser_username_key UNIQUE (username);


--
-- Name: auth_group auth_group_name_key; Type: CONSTRAINT; Schema: public; Owner: natalieperez
--

ALTER TABLE ONLY public.auth_group
    ADD CONSTRAINT auth_group_name_key UNIQUE (name);


--
-- Name: auth_group_permissions auth_group_permissions_group_id_permission_id_0cd325b0_uniq; Type: CONSTRAINT; Schema: public; Owner: natalieperez
--

ALTER TABLE ONLY public.auth_group_permissions
    ADD CONSTRAINT auth_group_permissions_group_id_permission_id_0cd325b0_uniq UNIQUE (group_id, permission_id);


--
-- Name: auth_group_permissions auth_group_permissions_pkey; Type: CONSTRAINT; Schema: public; Owner: natalieperez
--

ALTER TABLE ONLY public.auth_group_permissions
    ADD CONSTRAINT auth_group_permissions_pkey PRIMARY KEY (id);


--
-- Name: auth_group auth_group_pkey; Type: CONSTRAINT; Schema: public; Owner: natalieperez
--

ALTER TABLE ONLY public.auth_group
    ADD CONSTRAINT auth_group_pkey PRIMARY KEY (id);


--
-- Name: auth_permission auth_permission_content_type_id_codename_01ab375a_uniq; Type: CONSTRAINT; Schema: public; Owner: natalieperez
--

ALTER TABLE ONLY public.auth_permission
    ADD CONSTRAINT auth_permission_content_type_id_codename_01ab375a_uniq UNIQUE (content_type_id, codename);


--
-- Name: auth_permission auth_permission_pkey; Type: CONSTRAINT; Schema: public; Owner: natalieperez
--

ALTER TABLE ONLY public.auth_permission
    ADD CONSTRAINT auth_permission_pkey PRIMARY KEY (id);


--
-- Name: django_admin_log django_admin_log_pkey; Type: CONSTRAINT; Schema: public; Owner: natalieperez
--

ALTER TABLE ONLY public.django_admin_log
    ADD CONSTRAINT django_admin_log_pkey PRIMARY KEY (id);


--
-- Name: django_content_type django_content_type_app_label_model_76bd3d3b_uniq; Type: CONSTRAINT; Schema: public; Owner: natalieperez
--

ALTER TABLE ONLY public.django_content_type
    ADD CONSTRAINT django_content_type_app_label_model_76bd3d3b_uniq UNIQUE (app_label, model);


--
-- Name: django_content_type django_content_type_pkey; Type: CONSTRAINT; Schema: public; Owner: natalieperez
--

ALTER TABLE ONLY public.django_content_type
    ADD CONSTRAINT django_content_type_pkey PRIMARY KEY (id);


--
-- Name: django_migrations django_migrations_pkey; Type: CONSTRAINT; Schema: public; Owner: natalieperez
--

ALTER TABLE ONLY public.django_migrations
    ADD CONSTRAINT django_migrations_pkey PRIMARY KEY (id);


--
-- Name: django_session django_session_pkey; Type: CONSTRAINT; Schema: public; Owner: natalieperez
--

ALTER TABLE ONLY public.django_session
    ADD CONSTRAINT django_session_pkey PRIMARY KEY (session_key);


--
-- Name: main_app_brand main_app_brand_pkey; Type: CONSTRAINT; Schema: public; Owner: natalieperez
--

ALTER TABLE ONLY public.main_app_brand
    ADD CONSTRAINT main_app_brand_pkey PRIMARY KEY (id);


--
-- Name: main_app_photo main_app_photo_pkey; Type: CONSTRAINT; Schema: public; Owner: natalieperez
--

ALTER TABLE ONLY public.main_app_photo
    ADD CONSTRAINT main_app_photo_pkey PRIMARY KEY (id);


--
-- Name: main_app_polish_favorites main_app_polish_favorites_pkey; Type: CONSTRAINT; Schema: public; Owner: natalieperez
--

ALTER TABLE ONLY public.main_app_polish_favorites
    ADD CONSTRAINT main_app_polish_favorites_pkey PRIMARY KEY (id);


--
-- Name: main_app_polish_favorites main_app_polish_favorites_polish_id_customuser_id_bb803c39_uniq; Type: CONSTRAINT; Schema: public; Owner: natalieperez
--

ALTER TABLE ONLY public.main_app_polish_favorites
    ADD CONSTRAINT main_app_polish_favorites_polish_id_customuser_id_bb803c39_uniq UNIQUE (polish_id, customuser_id);


--
-- Name: main_app_polish main_app_polish_pkey; Type: CONSTRAINT; Schema: public; Owner: natalieperez
--

ALTER TABLE ONLY public.main_app_polish
    ADD CONSTRAINT main_app_polish_pkey PRIMARY KEY (id);


--
-- Name: main_app_review main_app_review_pkey; Type: CONSTRAINT; Schema: public; Owner: natalieperez
--

ALTER TABLE ONLY public.main_app_review
    ADD CONSTRAINT main_app_review_pkey PRIMARY KEY (id);


--
-- Name: accounts_customuser_email_4fd8e7ce_like; Type: INDEX; Schema: public; Owner: natalieperez
--

CREATE INDEX accounts_customuser_email_4fd8e7ce_like ON public.accounts_customuser USING btree (email varchar_pattern_ops);


--
-- Name: accounts_customuser_groups_customuser_id_bc55088e; Type: INDEX; Schema: public; Owner: natalieperez
--

CREATE INDEX accounts_customuser_groups_customuser_id_bc55088e ON public.accounts_customuser_groups USING btree (customuser_id);


--
-- Name: accounts_customuser_groups_group_id_86ba5f9e; Type: INDEX; Schema: public; Owner: natalieperez
--

CREATE INDEX accounts_customuser_groups_group_id_86ba5f9e ON public.accounts_customuser_groups USING btree (group_id);


--
-- Name: accounts_customuser_user_permissions_customuser_id_0deaefae; Type: INDEX; Schema: public; Owner: natalieperez
--

CREATE INDEX accounts_customuser_user_permissions_customuser_id_0deaefae ON public.accounts_customuser_user_permissions USING btree (customuser_id);


--
-- Name: accounts_customuser_user_permissions_permission_id_aea3d0e5; Type: INDEX; Schema: public; Owner: natalieperez
--

CREATE INDEX accounts_customuser_user_permissions_permission_id_aea3d0e5 ON public.accounts_customuser_user_permissions USING btree (permission_id);


--
-- Name: accounts_customuser_username_722f3555_like; Type: INDEX; Schema: public; Owner: natalieperez
--

CREATE INDEX accounts_customuser_username_722f3555_like ON public.accounts_customuser USING btree (username varchar_pattern_ops);


--
-- Name: auth_group_name_a6ea08ec_like; Type: INDEX; Schema: public; Owner: natalieperez
--

CREATE INDEX auth_group_name_a6ea08ec_like ON public.auth_group USING btree (name varchar_pattern_ops);


--
-- Name: auth_group_permissions_group_id_b120cbf9; Type: INDEX; Schema: public; Owner: natalieperez
--

CREATE INDEX auth_group_permissions_group_id_b120cbf9 ON public.auth_group_permissions USING btree (group_id);


--
-- Name: auth_group_permissions_permission_id_84c5c92e; Type: INDEX; Schema: public; Owner: natalieperez
--

CREATE INDEX auth_group_permissions_permission_id_84c5c92e ON public.auth_group_permissions USING btree (permission_id);


--
-- Name: auth_permission_content_type_id_2f476e4b; Type: INDEX; Schema: public; Owner: natalieperez
--

CREATE INDEX auth_permission_content_type_id_2f476e4b ON public.auth_permission USING btree (content_type_id);


--
-- Name: django_admin_log_content_type_id_c4bce8eb; Type: INDEX; Schema: public; Owner: natalieperez
--

CREATE INDEX django_admin_log_content_type_id_c4bce8eb ON public.django_admin_log USING btree (content_type_id);


--
-- Name: django_admin_log_user_id_c564eba6; Type: INDEX; Schema: public; Owner: natalieperez
--

CREATE INDEX django_admin_log_user_id_c564eba6 ON public.django_admin_log USING btree (user_id);


--
-- Name: django_session_expire_date_a5c62663; Type: INDEX; Schema: public; Owner: natalieperez
--

CREATE INDEX django_session_expire_date_a5c62663 ON public.django_session USING btree (expire_date);


--
-- Name: django_session_session_key_c0390e0f_like; Type: INDEX; Schema: public; Owner: natalieperez
--

CREATE INDEX django_session_session_key_c0390e0f_like ON public.django_session USING btree (session_key varchar_pattern_ops);


--
-- Name: main_app_photo_review_id_eabe7c12; Type: INDEX; Schema: public; Owner: natalieperez
--

CREATE INDEX main_app_photo_review_id_eabe7c12 ON public.main_app_photo USING btree (review_id);


--
-- Name: main_app_polish_brand_id_3b666974; Type: INDEX; Schema: public; Owner: natalieperez
--

CREATE INDEX main_app_polish_brand_id_3b666974 ON public.main_app_polish USING btree (brand_id);


--
-- Name: main_app_polish_favorites_customuser_id_611641af; Type: INDEX; Schema: public; Owner: natalieperez
--

CREATE INDEX main_app_polish_favorites_customuser_id_611641af ON public.main_app_polish_favorites USING btree (customuser_id);


--
-- Name: main_app_polish_favorites_polish_id_dbe243a1; Type: INDEX; Schema: public; Owner: natalieperez
--

CREATE INDEX main_app_polish_favorites_polish_id_dbe243a1 ON public.main_app_polish_favorites USING btree (polish_id);


--
-- Name: main_app_review_brand_id_b021f654; Type: INDEX; Schema: public; Owner: natalieperez
--

CREATE INDEX main_app_review_brand_id_b021f654 ON public.main_app_review USING btree (brand_id);


--
-- Name: main_app_review_polish_id_6c93992b; Type: INDEX; Schema: public; Owner: natalieperez
--

CREATE INDEX main_app_review_polish_id_6c93992b ON public.main_app_review USING btree (polish_id);


--
-- Name: main_app_review_user_id_d5174122; Type: INDEX; Schema: public; Owner: natalieperez
--

CREATE INDEX main_app_review_user_id_d5174122 ON public.main_app_review USING btree (user_id);


--
-- Name: accounts_customuser_user_permissions accounts_customuser__customuser_id_0deaefae_fk_accounts_; Type: FK CONSTRAINT; Schema: public; Owner: natalieperez
--

ALTER TABLE ONLY public.accounts_customuser_user_permissions
    ADD CONSTRAINT accounts_customuser__customuser_id_0deaefae_fk_accounts_ FOREIGN KEY (customuser_id) REFERENCES public.accounts_customuser(id) DEFERRABLE INITIALLY DEFERRED;


--
-- Name: accounts_customuser_groups accounts_customuser__customuser_id_bc55088e_fk_accounts_; Type: FK CONSTRAINT; Schema: public; Owner: natalieperez
--

ALTER TABLE ONLY public.accounts_customuser_groups
    ADD CONSTRAINT accounts_customuser__customuser_id_bc55088e_fk_accounts_ FOREIGN KEY (customuser_id) REFERENCES public.accounts_customuser(id) DEFERRABLE INITIALLY DEFERRED;


--
-- Name: accounts_customuser_user_permissions accounts_customuser__permission_id_aea3d0e5_fk_auth_perm; Type: FK CONSTRAINT; Schema: public; Owner: natalieperez
--

ALTER TABLE ONLY public.accounts_customuser_user_permissions
    ADD CONSTRAINT accounts_customuser__permission_id_aea3d0e5_fk_auth_perm FOREIGN KEY (permission_id) REFERENCES public.auth_permission(id) DEFERRABLE INITIALLY DEFERRED;


--
-- Name: accounts_customuser_groups accounts_customuser_groups_group_id_86ba5f9e_fk_auth_group_id; Type: FK CONSTRAINT; Schema: public; Owner: natalieperez
--

ALTER TABLE ONLY public.accounts_customuser_groups
    ADD CONSTRAINT accounts_customuser_groups_group_id_86ba5f9e_fk_auth_group_id FOREIGN KEY (group_id) REFERENCES public.auth_group(id) DEFERRABLE INITIALLY DEFERRED;


--
-- Name: auth_group_permissions auth_group_permissio_permission_id_84c5c92e_fk_auth_perm; Type: FK CONSTRAINT; Schema: public; Owner: natalieperez
--

ALTER TABLE ONLY public.auth_group_permissions
    ADD CONSTRAINT auth_group_permissio_permission_id_84c5c92e_fk_auth_perm FOREIGN KEY (permission_id) REFERENCES public.auth_permission(id) DEFERRABLE INITIALLY DEFERRED;


--
-- Name: auth_group_permissions auth_group_permissions_group_id_b120cbf9_fk_auth_group_id; Type: FK CONSTRAINT; Schema: public; Owner: natalieperez
--

ALTER TABLE ONLY public.auth_group_permissions
    ADD CONSTRAINT auth_group_permissions_group_id_b120cbf9_fk_auth_group_id FOREIGN KEY (group_id) REFERENCES public.auth_group(id) DEFERRABLE INITIALLY DEFERRED;


--
-- Name: auth_permission auth_permission_content_type_id_2f476e4b_fk_django_co; Type: FK CONSTRAINT; Schema: public; Owner: natalieperez
--

ALTER TABLE ONLY public.auth_permission
    ADD CONSTRAINT auth_permission_content_type_id_2f476e4b_fk_django_co FOREIGN KEY (content_type_id) REFERENCES public.django_content_type(id) DEFERRABLE INITIALLY DEFERRED;


--
-- Name: django_admin_log django_admin_log_content_type_id_c4bce8eb_fk_django_co; Type: FK CONSTRAINT; Schema: public; Owner: natalieperez
--

ALTER TABLE ONLY public.django_admin_log
    ADD CONSTRAINT django_admin_log_content_type_id_c4bce8eb_fk_django_co FOREIGN KEY (content_type_id) REFERENCES public.django_content_type(id) DEFERRABLE INITIALLY DEFERRED;


--
-- Name: django_admin_log django_admin_log_user_id_c564eba6_fk_accounts_customuser_id; Type: FK CONSTRAINT; Schema: public; Owner: natalieperez
--

ALTER TABLE ONLY public.django_admin_log
    ADD CONSTRAINT django_admin_log_user_id_c564eba6_fk_accounts_customuser_id FOREIGN KEY (user_id) REFERENCES public.accounts_customuser(id) DEFERRABLE INITIALLY DEFERRED;


--
-- Name: main_app_photo main_app_photo_review_id_eabe7c12_fk_main_app_review_id; Type: FK CONSTRAINT; Schema: public; Owner: natalieperez
--

ALTER TABLE ONLY public.main_app_photo
    ADD CONSTRAINT main_app_photo_review_id_eabe7c12_fk_main_app_review_id FOREIGN KEY (review_id) REFERENCES public.main_app_review(id) DEFERRABLE INITIALLY DEFERRED;


--
-- Name: main_app_polish main_app_polish_brand_id_3b666974_fk_main_app_brand_id; Type: FK CONSTRAINT; Schema: public; Owner: natalieperez
--

ALTER TABLE ONLY public.main_app_polish
    ADD CONSTRAINT main_app_polish_brand_id_3b666974_fk_main_app_brand_id FOREIGN KEY (brand_id) REFERENCES public.main_app_brand(id) DEFERRABLE INITIALLY DEFERRED;


--
-- Name: main_app_polish_favorites main_app_polish_favo_customuser_id_611641af_fk_accounts_; Type: FK CONSTRAINT; Schema: public; Owner: natalieperez
--

ALTER TABLE ONLY public.main_app_polish_favorites
    ADD CONSTRAINT main_app_polish_favo_customuser_id_611641af_fk_accounts_ FOREIGN KEY (customuser_id) REFERENCES public.accounts_customuser(id) DEFERRABLE INITIALLY DEFERRED;


--
-- Name: main_app_polish_favorites main_app_polish_favo_polish_id_dbe243a1_fk_main_app_; Type: FK CONSTRAINT; Schema: public; Owner: natalieperez
--

ALTER TABLE ONLY public.main_app_polish_favorites
    ADD CONSTRAINT main_app_polish_favo_polish_id_dbe243a1_fk_main_app_ FOREIGN KEY (polish_id) REFERENCES public.main_app_polish(id) DEFERRABLE INITIALLY DEFERRED;


--
-- Name: main_app_review main_app_review_brand_id_b021f654_fk_main_app_brand_id; Type: FK CONSTRAINT; Schema: public; Owner: natalieperez
--

ALTER TABLE ONLY public.main_app_review
    ADD CONSTRAINT main_app_review_brand_id_b021f654_fk_main_app_brand_id FOREIGN KEY (brand_id) REFERENCES public.main_app_brand(id) DEFERRABLE INITIALLY DEFERRED;


--
-- Name: main_app_review main_app_review_polish_id_6c93992b_fk_main_app_polish_id; Type: FK CONSTRAINT; Schema: public; Owner: natalieperez
--

ALTER TABLE ONLY public.main_app_review
    ADD CONSTRAINT main_app_review_polish_id_6c93992b_fk_main_app_polish_id FOREIGN KEY (polish_id) REFERENCES public.main_app_polish(id) DEFERRABLE INITIALLY DEFERRED;


--
-- Name: main_app_review main_app_review_user_id_d5174122_fk_accounts_customuser_id; Type: FK CONSTRAINT; Schema: public; Owner: natalieperez
--

ALTER TABLE ONLY public.main_app_review
    ADD CONSTRAINT main_app_review_user_id_d5174122_fk_accounts_customuser_id FOREIGN KEY (user_id) REFERENCES public.accounts_customuser(id) DEFERRABLE INITIALLY DEFERRED;


--
-- PostgreSQL database dump complete
--

